<?xml version="1.0" encoding="UTF-8"?>
<project-private xmlns="http://www.netbeans.org/ns/project-private/1">
    <editor-bookmarks xmlns="http://www.netbeans.org/ns/editor-bookmarks/2" lastBookmarkId="0"/>
    <open-files xmlns="http://www.netbeans.org/ns/projectui-open-files/2">
        <group>
            <file>file:/C:/Users/RS/Documents/shopping/src/java/product.java</file>
            <file>file:/C:/Users/RS/Documents/shopping/web/product_form.jsp</file>
            <file>file:/C:/Users/RS/Documents/shopping/src/java/FileUpload.java</file>
        </group>
    </open-files>
</project-private>
